bencana,tsunami,terjang,kawasan,anyer,sabtu,malam,akibat,hotel,kawasan,alami,rusa,ketua,hari,satu,hotel,restoran,indonesia,phri,provisi,banten,ashok,mar,hotel,rusak,akibat,tsunami,inap,rusak,hitung,hitung,minggu,rusa,dampak,alami,rusa,inap,dominasi,material,bambu,saung,rusak,rusak,saung,saung,bikin,bambu,bangun,bangun,permanen,ashok,hotel,tutup,akibat,terjang,tsunami,hotel,operasi,pasca,tsunami,tutup,kecuali,kondisi,hotel,pakai,tutup,
menteri,agama,kemenag,asosiasi,travel,haji,umrah,sepakat,tetap,biaya,referensi,jalan,umrah,rp,juta,atur,atur,harap,terbit,menteri,agama,lukman,hakim,saifuddin,atur,biaya,referensi,jalan,umrah,tuju,hindar,jamaah,tipu,usaha,selenggara,jalan,haji,umrah,ppiu,biro,travel,atur,atur,biaya,referensi,umrah,rp,juta,menteri,agama,tata,tata,mekanisme,selenggara,umrah,hilang,jadi,jamaah,telantar,biro,travel,usaha,daftar,aplikasi,nama,sistem,informasi,pantau,padu,umrah,haji,patuh,aplikasi,usaha,biro,travel,wajib,cantum,identitas,jamaah,aktivitas,ibadah,umrah,nama,hotel,lokasi,hotel,
aksi,demo,titik,jakarta,pusat,rabu,pasok,bahan,bakar,jakarta,bunyi,nyata,pt,pertamina,persero,terima,pt,pertamina,persero,marketing,operation,region,mor,iii,sedia,stok,bahan,bakar,minyak,bbm,lpg,wilayah,jakarta,unit,manager,communication,relations,csr,pertamina,mor,iii,dewi,sri,utami,spbu,agen,pangkal,lpg,operasi,normal,kondisi,stok,sambung,imbau,masyarakat,beli,bbm,lpg,sesuai,butuh,wajar,bilang,pertamina,monitor,kondisi,lapang,intensif,koordinasi,aparat,tni,polri,informasi,produk,pertamina,lokasi,spbu,agen,pangkal,lpg,masyarakat,hubung,contact,center,pertamina,
menteri,badan,usaha,milik,negara,bumn,suara,ubah,direksi,pt,bank,tabung,negara,persero,tbk,bank,btn,ubah,urus,direktur,btn,maryono,ganti,suprajarto,direktur,pt,bank,rakyat,indonesia,persero,tbk,bank,bri,ubah,urus,tetap,rapat,pegang,saham,rupslb,deputi,bidang,usaha,jasa,uang,jasa,survei,konsultan,menteri,bumn,gatot,trihargo,ganti,maryono,rangka,segar,tubuh,bank,btn,refreshing,rupslb,kantor,pusat,bank,btn,jakarta,kamis,bilang,pilih,suprajarto,akselerasi,kerja,btn,timbang,akselerasi,btn,suprajarto,alam,bank,pelat,merah,supra,kaliber,cv,beliau,bni,bri,btn,
menteri,agama,kemenag,kelola,dana,haji,jalan,atur,perintah,pp,nomor,laksana,undang,undang,nomor,kelola,uang,haji,pp,ditandatangi,presiden,joko,widodo,jokowi,dana,haji,resmi,kelola,badan,kelola,uang,haji,bpkh,beleid,ditandatangani,presiden,jokowi,februari,pegang,dana,laksana,ibadah,haji,bpkh,kelola,dana,efisiensi,selenggara,ibadah,haji,beleid,tuang,tata,keluar,tempat,investasi,uang,haji,bpkh,aset,modal,wajib,kelola,dana,haji,rekening,bpkh,maksimal,bentuk,bpkh,biaya,laksana,haji,himpun,bank,bank,bank,terima,setor,biaya,selenggara,ibadah,haji,bps,bpih,info,putar,kelola,dana,haji,
gerai,starbucks,kenal,jaring,global,besar,minum,kopi,dunia,kecuali,minum,kopi,pes,gerai,roastery,reserve,bars,layan,beli,beda,megastore,ukur,kaki,persegi,ukur,starbucks,reserve,roastery,tasting,room,buka,seattle,kabar,starbucks,roastery,dapur,uji,minum,luncur,nasional,nitro,cold,brew,smoked,butterscotch,latte,cascara,latte,amerika,serikat,buka,gabung,toko,starbucks,seattle,roastery,reserve,coffee,bars,tawar,starbucks,item,tambah,unik,roastery,reserve,coffee,bars,awas,mantan,ceo,starbucks,howard,schultz,undur,jabat,april,fokus,starbucks,reserve,roastery,minum,nikmat,cinta,kopi,habis,starbucks,roastery,reserve,
campur,aneka,buah,tropis,campur,jambu,biji,jeruk,nanas,sirup,plus,air,soda,saji,tambah,batu,aduk,resep,lengkap,classic,orange,mocktail,buat,jeruk,klasik,hasil,padu,jeruk,lemon,pasti,segar,campur,jeruk,air,lemon,sdm,gula,air,soda,potong,daun,batu,saji,dingin,pineapple,virgin,mojito,racik,mojito,damping,saji,makan,gurih,nanas,madu,taruh,potong,nanas,gelas,cincang,daun,bahan,batu,air,soda,sirup,punch,teh,tahiti,teh,campur,racik,punch,punch,teh,tahiti,campur,seduh,teh,air,jeruk,nipis,air,jeruk,nanas,madu,batu,potong,jeruk,nipis,segar,klik,resep,
british,airways,bekerjasama,chef,racik,hidang,nikmat,dengar,playlist,lagu,nama,soundbite,damping,lagu,playlist,rock,pop,channel,audio,sedia,terbang,jam,terbang,salmon,saji,dengar,scream,funk,my,life,nyanyi,skotlandia,paolo,nutini,only,we,know,lilly,allen,iring,hidang,khas,inggris,saji,tutup,nikmat,dengar,musik,nada,keluar,rangsanga,manis,you,beautiful,james,blunt,ray,of,light,madonna,pilih,lagu,dessert,hidang,nessun,dorma,tingkat,prasa,manis,pahit,kopi,umun,langkah,tingkat,alam,terbang,agustus,maskapai,kenal,chanel,entertainment,putar,video,isi,binatang,lucu,non,stop,tenang,tumpang,stres,maskapai,juganmelakukan,eksperimen,libat,happiness,blanket,alat,canggih,monitor,tingkat,relaksasi,tumpang,
manusia,suka,aroma,durian,kucing,kucing,lucu,muntah,pingsan,binatang,pelihara,kucing,coba,makan,manusia,makan,suka,satu,durian,video,youtube,durasi,menit,ekspresi,lucu,kucing,durian,aroma,sengat,kucing,kucing,ganggu,baca,video,kompilasi,kucing,kucing,durian,milik,cium,aroma,durian,kucing,muntah,kucing,hindar,jauh,durian,ekor,kucing,bulu,abu,abu,pusing,pingsan,cium,aroma,durian,baca,unik,kucing,garuk,garuk,muka,durian,durian,kotor,timbun,pasir,banyak,kucing,rekam,kamera,hindar,kucing,sayang,coba,durian,ekspresi,
batagor,siomay,buru,camil,kenyang,murah,riah,jaja,gerobak,siomay,batagor,padu,cocok,makan,bandung,racik,campur,bumbu,kacang,jual,batagor,kawasan,warung,buncit,jaja,jual,sore,lengkap,wajan,isi,minyak,panas,panci,isi,aneka,siomay,siomay,bulat,kentang,putih,cokelat,kol,hmm,aroma,wangi,hirup,ringan,panci,buka,batagor,tepung,tapioka,tepung,terigu,telur,iris,daun,bawang,adon,warna,putih,isi,kulit,pangsit,goreng,minyak,panas,potong,siomay,batagor,jual,harga,rp,saji,lumur,saus,bumbu,kacang,kecap,jual,aku,bayar,aman,jual,rp,hari,produksi,kg,adon,batagor,jaja,malam,gerobak,batagor,siomay,mudah,temu,jajan,favorit,
sakit,osteoartritis,sebab,kurang,produktivitas,nyeri,hindar,olahraga,tubuh,gerak,kurang,sakit,derita,nyeri,olahraga,olahraga,tuju,kuat,otot,paha,quadriceps,dr,deasy,spkfr,dokter,spesialis,dokter,fisik,rehabilitasi,saran,olahraga,derita,nyeri,jalan,air,hidroterapi,jalan,gravitasi,temu,tulang,tulang,tulang,temu,kapur,sakit,temu,pacific,place,jakarta,selatan,kamis,jalan,air,beban,gravitasi,ambil,air,giat,jalan,nyaman,nyeri,prinsip,kuat,otot,kuadrisep,main,sepeda,gym,legpress,
menteri,sehat,korelasi,tumbuh,pendek,perilaku,buang,air,sembarang,babs,kontribusi,asupan,nutrisi,optimal,kesan,jamban,lari,sumber,air,direktur,sehat,lingkung,menteri,sehat,dr,imran,agus,nurali,sp,temu,kawasan,ancol,jakarta,utara,kamis,dr,imran,persen,juta,kepala,keluarga,babs,jamban,salur,buang,wc,septic,tank,sedot,rutin,bocor,cari,air,tanah,nasional,usia,alami,stunting,tumbuh,optimal,faktor,pengaruh,asupan,nutrisi,pola,asuh,pola,asuh,rawat,janin,anak,balita,air,bersih,sanitasi,kait,cemar,air,minum,dr,imran,
media,sosial,edar,informasi,imbau,lepas,sumber,panas,alas,risiko,cedera,kutip,lengkap,contoh,informasi,edar,kait,halaman,cari,fakta,snopes,hoax,slayer,stop,hoax,kelola,menteri,komunikasi,informatika,kominfo,klarifikasi,informasi,versi,cerita,temu,internet,sumber,terang,american,academy,of,ophthalmology,aao,lensa,kontak,buat,polimer,plastik,leleh,papar,suhu,panas,sumber,menit,lensa,kontak,capai,titik,leleh,kecuali,bakar,derita,bakar,serius,tubuh,spesialis,william,barry,lee,aao,kutip,situs,resmi,
media,sosial,aplikasi,bagi,pesan,edar,informasi,kukus,makan,informasi,tuju,racun,senyawa,kimia,air,buang,cari,makan,penggal,pesan,tanggap,ahli,kimia,dr,agus,haryono,msc,lembaga,ilmu,tahu,indonesia,lipi,informasi,hoax,alas,air,hasil,proses,usaha,daerah,air,minum,pdam,awas,wajib,penuh,standar,kandung,klorin,total,senyawa,klorida,lampau,baku,mutu,batas,maksimum,tunggu,air,didih,rebus,kukus,makan,agus,rabu,hoax,nakut,nakutin,informasi,himbauan,nama,profesor,qi,rumah,sakit,xuanwu,beijing,china,daily,rumah,sakit,xuanwu,keluar,nyata,pegawai,nama,qi,
jarang,telinga,tangkap,sensasi,dengar,suara,suara,hilang,timbul,kondisi,ganggu,timbul,gelisah,suara,ganggu,telinga,kotor,timbul,suara,lubang,gendang,telinga,suara,saraf,dengar,turun,telinga,keluar,suara,spesialis,tht,pondok,indah,alami,papar,suara,kencang,keras,kati,keluh,hilang,timbul,terus,suara,beda,beda,saraf,dengar,sumbat,telinga,suara,usia,alami,infeksi,telinga,dengung,kotor,telinga,tumpuk,bersih,baik,saran,mengunjugi,dokter,
luncur,tengah,september,rumor,perangkat,dukung,wireless,fast,charging,cas,cepat,nirkabel,rumor,kembang,china,negara,vendor,warta,metode,cepat,lampau,cas,cepat,nirkabel,milik,sifat,rumor,nyata,kait,biasa,huawei,gebrak,guna,fast,charging,via,kabel,mate,pro,huawei,rencana,rilis,mate,helat,tanggal,september,rumor,kait,spesifikasi,ponsel,seliwer,spekulasi,mate,tenaga,soc,kirin,umum,milik,sensor,kamera,kamera,tiga,layar,oled,inch,isi,cepat,via,kabel,
generasi,prediksi,sertifikasi,tahan,air,fitur,air,harga,mahal,bentuk,mungil,atraktif,airpods,gemar,sendiri,dengar,audio,kertas,perangkat,serta,daya,tahan,hadap,cair,indikasi,beda,prediksi,luncur,airpods,resmi,milik,tahan,hadap,cair,alias,air,perangkat,prediksi,luncur,september,airpods,prediksi,milik,tingkat,desain,air,kisar,harga,pakar,industri,teknologi,ives,firma,analis,wedbush,securities,pound,sterling,rp,juta,red,titik,harga,versi,airpods,lansir,informasi,maret,apple,airpods,generasi,rilis,harga,airpods,usd,rp,juta,case,standar,usd,rp,juta,case,wireless,
garap,deteksi,kondisi,emosi,guna,kerja,perangkat,wearable,pakai,lengan,guna,alias,bentuk,gelang,fungsi,gantung,mikrofon,perangkat,gelang,perangkat,wearable,beda,perangkat,gelang,pasang,ponsel,mikrofon,takar,emosi,guna,analis,suara,guna,perangkat,tawar,saran,interaksi,bagus,efektif,lansir,bloomberg,jumat,dokumen,internal,amazon,tim,software,voice,alexa,divisi,hardware,lab,milik,amazon,garap,perangkat,divisi,lab,kembang,perangkat,kembang,perangkat,fire,phone,gagal,speaker,echo,populer,kembang,robot,rumah,
apple,rilis,ponsel,pes,kaget,harga,rp,juta,jual,vendor,kerap,modifikasi,batu,logam,mulia,buka,mesan,iphone,universal,diamond,caviar,banderol,harga,usd,muka,semat,berlian,batu,rubi,topaz,semat,arloji,tourbillon,mekanis,padu,desain,tata,surya,lengkap,pesawat,angkasa,orbit,mewah,pesona,versi,mahal,caviar,versi,jangkau,harga,kisar,usd,rp,juta,usd,rp,juta,perangkat,nuansa,tata,surya,caviar,hantar,mes,september,rilis,iphone,raksasa,teknologi,markas,cupertino,kabar,umum,iphone,baru,september,varian,hadir,konon,nama,iphone,iphone,pro,iphone,
fenomena,edar,indonesia,lepas,perhati,bos,indonesia,vendor,china,aku,strategi,rang,ponsel,black,market,ponsel,bm,presiden,honor,indonesia,james,ponsel,black,market,honor,strategi,lindung,partner,honor,indonesia,jual,produk,resmi,temu,produk,black,market,pasar,temu,sempat,jakarta,turut,ponsel,bm,manfaat,konsumen,jual,perintah,strategi,honor,cepat,produk,jual,produk,produk,butuh,pasar,poduk,black,market,hilang,james,produk,honor,indonesia,produk,black,market,milik,honor,indonesia,
finis,motogp,inggris,salip,jelang,garis,finis,paut,detik,selisih,tipis,ajang,motogp,sirkuit,silverstone,minggu,malam,wib,marquez,posisi,depan,lintas,tikung,tikung,grip,optimal,alex,rins,bayang,belakang,jarak,pendek,tikung,garis,finis,rins,hasil,salip,sisi,rider,suzuki,juara,unggul,detik,marquez,jarak,detik,rins,marquez,menang,runner,motogp,inggris,tempat,urut,selisih,kecil,juara,runner,kutip,situs,resmi,barry,sheene,vs,giacomo,agostini,assen,alex,criville,vs,mick,doohan,brno,tony,elias,vs,valentino,rossi,estoril,
performa,muas,sanchez,erti,main,sanchez,gabung,arsenal,januari,tampil,impresif,main,chile,harap,senjata,lini,sanchez,melempem,bikin,gol,tampil,kompetisi,arsenal,sanchez,bikin,gol,tanding,sanchez,main,penuh,starter,tanding,main,ganti,sanchez,erti,biar,main,penuh,pikir,senang,main,tim,nasional,sanchez,bahagia,manchester,united,bilang,teman,teman,main,biar,main,baik,kadang,main,menit,laga,main,
karier,hasil,serang,chile,sali,putus,gabung,sanchez,gabung,januari,main,gaji,tinggi,klub,ribu,paun,pekan,harap,senjata,setan,merah,saing,buru,gelar,liga,inggris,melempem,tampil,catat,sanchez,catat,gol,sembilan,assist,rencana,manajer,pinjam,musim,panas,tahun,senang,gabung,manchester,united,klub,juara,inggris,mantan,main,arsenal,gabung,arsenal,fantastis,bahagia,united,tumbuh,beli,main,main,tang,gabung,tang,sesal,
atlet,lompat,putra,sapwaturrahman,gagal,manfaat,sempat,final,juara,asia,lompat,sempurna,laga,khalifa,international,stadium,doha,qatar,rabu,raih,medali,perunggu,asi,games,sejati,tampil,kualifikasi,nomor,lompat,catat,lompat,meter,antar,posisi,kualifikasi,grup,sempat,lolos,final,manfaat,coba,lompat,sapwaturrahman,gagal,lompat,sempurna,paksa,tinggal,lapang,nervous,final,faktor,untung,lompat,atur,diskualifikasi,injak,papan,sapwa,rilis,terima,kamis,atlet,usia,syukur,gagal,ajar,optimistis,juara,depan,
tindak,influencer,undang,perintah,provinsi,dki,jakarta,jajal,mrt,kecam,satu,atlet,raih,asi,games,aksi,influencer,kecam,pose,gantung,injak,bangku,mrt,ratangga,satu,atlet,jetski,indonesia,raih,asi,games,banyak,protes,aqsa,aswar,maaf,aksi,aqsa,aswar,instagram,stories,milik,maaf,resah,foto,kunjung,mrt,miscommunication,selasa,maaf,ulang,thank,you,sambung,maaf,aqsa,aswar,hapus,foto,injak,bangku,mrt,akun,instagram,milik,aqsa,juara,dunia,jetski,undang,pemprov,dki,jakarta,jajal,mrt,ratangga,selebritas,nazla,alifa,nia,musisi,ranggaz,laksmana,
