stasiun,isi,bahan,bakar,spbu,jalan,mansyur,jakarta,pusat,operasi,besok,jumat,spbu,susul,spbu,jalan,tubun,operasi,spbu,tutup,rusuh,massa,aksi,mei,iya,besok,buka,tubun,unit,manager,communication,relations,csr,pertamina,mor,iii,dewi,sri,utami,kamis,spbu,jalan,mansyur,akses,jalan,normal,pasca,rusuh,mei,jalan,normal,sore,spbu,jam,buka,besok,spbu,mansyur,sore,besok,dewi,operasi,spbu,tutup,akses,jaga,aman,sarana,fasilitas,stok,spbu,wilayah,cukup,alternatif,masyarakat,penuh,butuh,bbm,
logam,mulia,batang,milik,pt,aneka,tambang,tbk,antam,jual,rp,gram,harga,turun,rp,posisi,sabtu,kemarin,rp,gram,kutip,situs,dagang,logam,mulia,antam,selasa,harga,catat,harga,buyback,beli,antam,rp,level,rp,gram,harga,buyback,jual,antam,bel,harga,harga,batang,pph,potong,pajak,rendah,npwp,transaksi,rincian,harga,antam,pecah,gram,rp,pecah,gram,rp,pecah,gram,rp,pecah,gram,rp,pecah,gram,rp,pecah,gram,rp,pecah,gram,rp,pecah,gram,rp,
logam,mulia,batang,milik,pt,aneka,tambang,tbk,antam,jual,rp,gram,harga,turun,rp,posisi,senin,kemarin,rp,gram,kutip,detikfinance,situs,dagang,logam,mulia,antam,selasa,harga,catat,harga,buyback,beli,antam,turun,rp,level,rp,gram,harga,buyback,jual,antam,bel,harga,harga,batang,pph,potong,pajak,rendah,npwp,transaksi,rincian,harga,antam,pecah,gram,rp,pecah,gram,rp,pecah,gram,rp,pecah,gram,rp,pecah,gram,rp,pecah,gram,rp,pecah,gram,rp,pecah,gram,rp,
logam,mulia,batang,milik,pt,aneka,tambang,tbk,antam,jual,rp,gram,harga,rp,posisi,selasa,kemarin,rp,gram,kutip,detikfinance,situs,dagang,logam,mulia,antam,rabu,harga,catat,harga,buyback,beli,antam,turun,rp,level,rp,gram,harga,buyback,jual,antam,bel,harga,harga,batang,pph,potong,pajak,rendah,npwp,transaksi,rincian,harga,antam,pecah,gram,rp,pecah,gram,rp,pecah,gram,rp,pecah,gram,rp,pecah,gram,rp,pecah,gram,rp,pecah,gram,rp,pecah,gram,rp,
layan,konsumen,otoritas,jasa,uang,ojk,sambung,layan,ganggu,jaring,telekomunikasi,diberitahukan,hubung,ganggu,jaring,telekomunikasi,sistem,layan,konsumen,ojk,kontak,ojk,layan,konsumen,masyarakat,bunyi,terang,tulis,ojk,senin,ojk,usaha,ganggu,atas,ojk,mohon,maaf,ganggu,masyarakat,adu,jelas,informasi,surat,elektronik,adu,alamat,konsumen,ojk,go,whatsapp,nomor,surat,anggota,dewan,komisioner,ojk,bidang,edukasi,lindung,konsumen,direktorat,layan,konsumen,menara,radius,prawiro,lt,komplek,kantor,bank,indonesia,jl,mh,thamrin,no,jakarta,pusat,ojk,
nyanyi,korea,park,jihoon,wine,temu,gemar,boba,milk,tea,minum,park,jihoon,bintang,pop,usia,mantan,anggota,boy,band,korea,wanna,one,hasil,berkarir,solo,jihoon,kunjung,taipei,taiwan,asia,solo,perdana,hari,tampil,gemar,maret,jihoon,temu,wartawan,lokal,konferensi,kutip,nextshark,kena,tuxedo,serasi,gar,vertikal,pose,belakang,acara,sedia,wine,usia,jihoon,selenggara,saji,gelas,minum,khas,taiwan,milk,tea,netizen,olok,olok,acara,minum,boba,milk,tea,seremonial,acara,berita,viral,artikel,judul,park,jihoon,muda,suguh,wine,press,conference,bubble,tea,live,selenggara,temu,gemar,lapor,minum,populer,isyarat,taiwan,kenal,milk,tea,park,jihoon,senang,terima,saji,minum,spesial,negara,
adon,tinggal,kocok,pria,amerika,inovasi,kocok,bebas,adon,tempel,alat,bahan,plastik,milik,lubang,lubang,masuk,kocok,whisk,dorong,alat,nama,whisk,wiper,sisa,adon,kumpul,alat,dorong,alat,kocok,stainless,steel,bersih,sisa,adon,buang,whisk,wiper,cari,dana,buat,rp,juta,kickstarter,dana,kumpul,rp,juta,kira,kirim,backers,kickstarter,desember,maret,buat,matthew,michel,mashable,respon,masyarakat,whisk,wiper,video,viral,facebook,juta,view,banyak,respon,diam,uang,michel,lansir,mashable,whisk,wiper,kocok,ukur,standar,michel,harap,depan,varian,produk,whisk,wiper,pakai,jenis,kocok,
kulon,progo,slondok,bilang,jajan,ndeso,bahan,buat,slondok,sederhana,singkong,bumbu,singkong,bahan,makan,murah,riah,olah,ragam,camil,keripik,singkong,goreng,slondok,bahan,singkong,populer,tepat,kulon,progo,slondok,mudah,nali,bentuk,lingkar,pangan,jenis,keripik,tekstur,renyah,cita,gurih,slondok,singkong,kupas,bersih,kukus,garam,ketumbar,bawang,matang,singkong,tumbuk,gethuk,gethuk,giling,mesin,bentuk,oleran,oleran,bentuk,lingkar,adon,slondok,jemur,hari,kering,baru,slondok,goreng,original,variasi,slondok,bawang,pedas,sayang,buat,slondok,kulon,progo,kabar,proses,buat,slondok,alas,pemuda,lanjut,usaha,buat,slondok,proses,angin,angin,singkong,hasil,aroma,tengik,alas,slondok,
bosan,krim,coba,nikmat,dingin,segar,pakai,jeruk,beku,krim,sejuk,udara,panas,sehat,coba,dessert,sherbet,dessert,sorbet,pakai,susu,jeruk,pilih,sherbet,guna,aroma,wangi,segar,yuk,orange,sherbet,praktis,bahanuntuk,sherbet,gr,gula,pasir,air,air,peras,jeruk,susu,sdm,iris,tipis,kulit,jeruk,sdt,peras,jeruk,lemon,sdt,garam,sdt,vanilla,extract,larut,guladalam,panci,masuk,air,gula,pasir,iris,kulit,jeruk,masak,gula,larut,campur,air,jeruktambahkan,air,jeruk,air,lemon,garam,susu,larut,gula,masak,aduk,campur,beku,sherbetpindahkan,olah,sherbet,wadah,tutup,masuk,lemari,jam,aduk,blender,lembut,butir,es,simpan,freezer,jam,malam,saji,sherbet,
makan,bentuk,cantik,ramai,momen,valentine,sosis,cinta,hadir,bentuk,hati,sweet,kabar,metro,love,sausage,sosis,cinta,hadir,bentuk,love,ukur,bilang,presentasi,tarik,baca,sosis,hidang,olah,daging,sapi,lengkung,satu,bentuk,hati,sosis,spesial,lapis,iris,bacon,saji,tarik,sosis,lengkap,butir,telur,sapi,telur,letak,sosis,saji,hadir,andal,london,tanggal,februari,porsi,sosis,cinta,harga,rp,ribu,bilang,jangkau,hadiah,romantis,kasih,baca,ajak,langgan,senang,raya,valentine,sosis,cinta,sarap,juru,bicara,sosis,masak,tambah,truffle,lezat,jamur,anggap,afrodisiak,alami,manja,lidah,sosis,cinta,harap,sarana,hangat,hubung,
lebih,berat,badan,sehat,alami,masyarakat,dunia,indonesia,sebab,obesitas,biasa,suka,makan,manis,kandung,kalori,lemak,gula,perhati,perintah,pasal,obesitas,milik,risiko,sehat,banding,usia,organisasi,sehat,dunia,who,prediksi,derita,obesitas,dunia,capai,juta,jiwa,obesitas,isu,global,yg,sikap,serius,spesialis,gizi,klinis,dr,ana,suganda,mkes,spgk,selasa,dr,ana,lindung,risiko,obesitas,tua,ajar,konsumsi,makan,gizi,imbang,banyak,asupan,buah,sayur,lewat,aktivitas,fisik,ajar,atur,olahraga,menit,minggu,berat,pungkas,
tim,medis,rusia,kejut,temu,berat,kg,tumbuh,panggul,wanita,wanita,usia,keluh,nyeri,sulit,napas,foto,foto,tangan,bagi,staf,moscow,city,clinical,hospital,facebook,angkat,tumor,lantar,kerap,tunda,periksa,abai,sehat,neoplasma,tumor,tekan,perut,diafragma,sebab,ketidaknyamanan,nyeri,pasien,percaya,hilang,tulis,staf,kutip,fox,news,untung,tumor,jinak,pasien,pulih,kondisi,tumor,jinak,lambat,tumbuh,sebar,tubuh,sebab,pasti,tangan,angkat,tumor,dampak,subur,kadang,muncul,wanita,susu,
sayur,milik,agam,manfaat,sehat,sehat,cerna,turun,tekan,darah,lawan,kanker,sangka,aktor,laga,badan,super,kekar,fit,doyan,sayur,siasat,jujur,sayur,suka,sayur,which,solusi,let,suka,makan,cari,alternatif,gimana,aktor,usia,senin,suka,sayur,joe,taslim,akal,sayur,konsumsi,utuh,sayur,kaya,nutrisi,manfaat,kombinasi,buah,nikmat,smoothies,cair,minum,mudah,still,the,same,veggies,cuman,beda,form,pungkas,
produk,awat,wajib,perempuan,laki,laki,kontrol,ampuh,atas,bau,badan,banyak,pakai,deodoran,mandi,biasa,dr,melyawati,hermawan,spkk,perdoski,himpun,dokter,spesialis,kulit,kelamin,indonesia,jaya,saran,aplikasi,produk,deodoran,kulit,ketiak,basah,mandi,aplikasi,deodoran,kulit,ketiak,kering,produk,campur,air,bentuk,substansi,bikin,iritasi,detikhealth,kamis,dr,mely,sapa,akrab,pakai,deodoran,anjur,malam,tubuh,keringat,target,pakai,deodoran,muka,kulit,kelenjar,malam,kelenjar,ketiak,aktif,deodorant,target,esok,hari,memblocking,keringat,muka,kulit,
ungkap,mandi,malam,picu,sakit,nampaknya,sebar,luas,jarang,tubuh,basuh,air,aktivitas,hari,luar,rumah,khawatir,dokter,mitos,kait,mandi,malam,risiko,sakit,spesialis,reumatologi,dr,rudy,hidayat,sppd,kr,jumpa,detikhealth,dr,rudy,mandi,malam,pakai,air,dingin,air,hangat,kecuali,idap,kondisi,buku,jari,mutih,kena,air,dingin,derita,sakit,air,dingin,buluh,darah,sempit,kurang,darah,ujung,jari,air,dingin,ujung,jari,biru,lebih,mandi,malam,manfaat,idap,insomnia,mandi,malam,air,hangat,bantu,rileksasi,tubuh,kantuk,cepat,
rencana,rilis,muncul,bocor,harga,informasi,harga,lanjut,gelombang,bocor,bocor,edar,redmi,note,pro,spesifikasi,kait,spesifikasi,redmi,note,pro,kamera,skema,samsung,gw,sensor,pixel,ultra,wide,angle,macro,camera,cm,focal,distance,depth,sensor,varian,non,pro,kamera,konfirmasi,redmi,note,tenaga,snapdragon,redmi,note,pro,pakai,hio,mediatek,warta,muncul,bocor,harga,redmi,note,note,pro,informasi,ungkap,total,konfigurasi,spek,harga,bocor,harga,redmi,note,note,pro,rilis,tanggal,agustus,redmi,note,pro,gb,yuan,rp,juta,gb,yuan,rp,juta,redmi,note,gb,yuan,rp,juta,
twitter,badan,meteorologi,klimatologi,geofisika,bmkg,promosi,aktivitas,amat,super,blue,blood,moon,kocak,dil,lembaga,kait,bmkg,sibuk,siap,amat,fenomena,gerhana,langka,malam,akun,twitter,infobmkg,aktif,mengupdate,informasi,kini,seluk,beluk,super,blue,blood,moon,fenomena,trending,topic,twitter,indonesia,cuit,infobmkg,beda,pancing,reaksi,netizen,cuit,bmkg,memposting,update,titik,amat,super,blue,blood,moon,indonesia,gaya,dil,ramai,bincang,tweet,informatif,hibur,netizen,heran,komentar,balas,gaya,dil,dil,karakter,film,dil,adaptasi,novel,karya,pidie,baiq,film,laris,manis,dialog,dialog,puitis,tokoh,dil,tular,gemar,
ajang,taipei,taiwan,manfaat,kenal,notebook,baru,satu,bawa,tampil,stylish,layar,kece,layak,notebook,xps,lipat,jadi,tablet,daya,pikat,layar,mana,ukur,inch,aspek,rasio,layar,alam,tonton,muas,dell,sedia,opsi,resolusi,full,hd,uhd,sertifikasi,hdr,dolby,vision,performa,notebook,tingkat,dahulu,semat,prosesor,generasi,intel,ice,lake,padu,ram,gb,ssd,tb,dell,sedia,keyboard,maglev,edge,edge,touchpad,ukuranya,generasi,bodi,tipis,material,alumunium,port,thunderbolt,jack,audio,mm,slot,microsd,notebook,bawa,sitem,dingin,mampu,tingkat,dell,baru,jual,juli,harga,usd,rp,juta,
banyak,perangkat,gadget,baterai,lithium,ion,ion,jenis,baterai,anggap,bahaya,potensi,timbul,percik,ledak,galaxy,note,maskapai,terbang,larang,tumpang,bawa,ponsel,terbang,selesai,otoritas,aman,aviasi,eropa,tumpang,baterai,desak,maskapai,terbang,tumpang,baik,bawa,perangkat,elektronik,kandung,baterai,laptop,simpan,bagasi,perangkat,bawa,terbang,mati,kutip,kamis,anjur,selamat,sambut,musim,libur,natal,otoritas,aviasi,eropa,raya,noda,
alami,layan,imbas,guna,sulit,akun,alami,guna,spotify,akun,facebook,daftar,layan,musik,situasi,guna,layan,cari,teman,kencan,tinder,keluh,guna,usaha,facebook,aplikasi,tinder,spotify,sulit,usaha,laku,muncul,pesan,error,fitur,sedia,spotify,dampak,sulit,artikel,keluh,guna,cuit,cuit,twitter,fitur,layan,ganggu,hal,facebook,pantes,fb,gw,mo,login,spotify,pke,fb,turun,facebook,down,tulis,netizen,indonesia,
atlet,pelatnas,hasil,juara,nomor,rekor,cepat,dunia,sukses,tuai,alfian,ifsc,world,cup,chamonix,prancis,final,gelar,jumat,alfian,hak,medali,buku,detik,panjat,tebing,solo,kalah,rivanya,zhong,qixin,china,emas,detik,vladislav,deulin,tempat,posisi,tiga,detik,tang,duel,lawan,danyil,boldyrev,alfian,titel,untun,turnamen,april,alfian,tang,ifsc,world,cup,gelar,chongqing,china,tenang,hadap,tekan,alfian,kunci,menang,rilis,terima,detiksport,indonesia,sungguh,kirim,wakil,putar,aspar,jaelolo,gagal,maju,perempatfinal,speed,kali,juara,dunia,eropa,manager,timnas,panjat,tebing,pristiawan,buntoro,nomor,speed,putri,aries,susanti,rahayu,nurul,iqamah,hasil,lolos,putar,final,aries,gagal,rebut,perunggu,nurul,gagal,laju,empat,final,
gagal,pindah,main,denmark,beranda,andai,transfer,mudah,main,football,manager,eriksen,pindah,london,utara,musim,bela,tottenham,klub,kait,main,real,madrid,juventus,paris,saint,germain,manchester,united,deret,bursa,transfer,tutup,klub,aju,tawar,sesuai,minta,the,liliwhites,eriksen,terima,gagal,pindah,tim,beranda,andai,gim,kelola,klub,sepakbola,keluar,sport,interactive,football,manager,sepakbola,sepakbola,pengaruh,eriksen,harap,ambil,putus,main,football,manager,malang,kontrak,eriksen,spurs,tinggal,sisa,musim,eks,main,ajax,amsterdam,jalin,negosiasi,klub,juventus,sinyal,eriksen,musim,
undur,gubernur,papua,optimistis,gelar,sesuai,papua,pon,langsung,oktober,november,habis,dana,papua,wacana,jadwal,ulang,pesta,olahraga,tanah,air,faktor,aman,papua,lepas,sempat,tuan,rumah,pekan,olahraga,ajar,nasional,popnas,proses,perintah,dki,jakarta,tuan,rumah,rapat,batas,presiden,jokowi,kantor,presiden,jakarta,pusat,senin,lukas,jamin,aman,serta,pon,jayapura,kondusif,koordinasi,wali,kota,selenggara,lukas,lukas,pon,gelar,wilayah,papua,kota,jayapura,kabupaten,jayapura,kabupaten,mimika,kurang,dana,capai,rp,triliun,bangun,infrastruktur,pasrah,perintah,pusat,butuh,perintah,biaya,lukas,apbn,dana,pusat,harap,selesai,
bicara,momen,peluk,presiden,joko,widodo,prabowo,subianto,hanif,bisik,aksi,moment,spesial,helat,asi,games,hasil,satu,calon,presiden,tarung,milu,presiden,hanif,aku,spontan,peluk,tokoh,indonesia,hadir,saksi,sukses,bangga,motivasi,sendiri,bagi,pasti,spontan,peluk,bangga,jokowi,silat,dunia,prabowo,subianto,hanif,gor,padjadjaran,kota,bandung,senin,moment,peluk,titip,pesan,tokoh,bangsa,indonesia,satu,penuh,cinta,damai,pecah,bilang,indonesia,indonesia,satu,cinta,damai,kalimat,jokowi,prabowo,peluk,hanif,ungkap,bilang,terima,kasih,juang,indonesia,hanif,
tuan,rumah,indonesia,juara,asean,school,games,pesta,olahraga,ajar,asia,tenggara,indonesia,kumpul,total,medali,asg,gelar,semarang,juli,selasa,merah,putih,dulang,perak,perunggu,indonesia,unggul,runner,thailand,oleh,perak,perunggu,malaysia,tempat,peringkat,tiga,perak,perunggu,kamboja,tempat,peringkat,buncit,gagal,raih,medali,proses,indonesia,sapu,bersih,medali,tujuh,nomor,cabang,bulutangkis,pencak,silat,dominasi,raup,tujuh,medali,lebih,target,nomor,hasil,lampau,target,atletik,hasil,sembah,atlet,indonesia,target,delapan,klasemen,asg,pos,negara,perak,perunggu,indonesia,thailand,malaysia,singapura,vietnam,filipina,myanmar,laos,brunei,darussalam,kamboja,
